{
  "execPath": "/Users/tomixrm/.platformio/packages/toolchain-gccarmnoneeabi/bin/arm-none-eabi-g++",
  "gccDefaultCFlags": "-fsyntax-only -std=gnu99 -DMBED_RTOS_SINGLE_THREAD -mcpu=cortex-m4 -mthumb -mfpu=fpv4-sp-d16 -mfloat-abi=softfp -c -Wall -Wextra -Wno-unused-parameter -Wno-missing-field-initializers -fmessage-length=0 -fno-exceptions -fno-builtin -ffunction-sections -fdata-sections -funsigned-char -fno-delete-null-pointer-checks -fomit-frame-pointer -Os -DNDEBUG -include mbed_config.h -DTARGET_M4 -DTOOLCHAIN_GCC_ARM -DTARGET_LIKE_CORTEX_M4 -DDEVICE_I2C=1 -DRTC_LSI=1 -DTARGET_CORTEX_M -DTARGET_STM32F3 -DDEVICE_SLEEP=1 -DDEVICE_SPI=1 -DDEVICE_PORTIN=1 -DTARGET_RTOS_M4_M7 -DTARGET_CORTEX -D__FPU_PRESENT=1 -DDEVICE_PWMOUT=1 -DDEVICE_SPISLAVE=1 -D__CMSIS_RTOS -DDEVICE_I2C_ASYNCH=1 -DDEVICE_INTERRUPTIN=1 -DDEVICE_PORTOUT=1 -D__CORTEX_M4 -DDEVICE_CAN=1 -DTARGET_UVISOR_UNSUPPORTED -DTARGET_LIKE_MBED -DDEVICE_STDIO_MESSAGES=1 -DTOOLCHAIN_object -DDEVICE_PORTINOUT=1 -D__MBED__=1 -DTOOLCHAIN_GCC -DTRANSACTION_QUEUE_SIZE_SPI=2 -DDEVICE_ANALOGIN=1 -DDEVICE_SPI_ASYNCH=1 -DTARGET_STM32F303K8 -DTARGET_STM32F303x8 -DDEVICE_I2CSLAVE=1 -DDEVICE_SERIAL_FC=1 -DDEVICE_SERIAL=1 -DTARGET_STM -DTARGET_NUCLEO_F303K8 -DTARGET_FF_ARDUINO -DDEVICE_RTC=1 -DMBED_BUILD_TIMESTAMP=1511786143.3 -DDEVICE_LOWPOWERTIMER=1 -DTARGET_FAMILY_STM32 -DTARGET_RELEASE -D__MBED_CMSIS_RTOS_CM -DDEVICE_ANALOGOUT=1 -DARM_MATH_CM4 -DSTM32F303x8 -DPLATFORMIO=30607",
  "gccDefaultCppFlags": "-fsyntax-only -std=gnu++98 -fno-rtti -Wvla -DMBED_RTOS_SINGLE_THREAD -mcpu=cortex-m4 -mthumb -mfpu=fpv4-sp-d16 -mfloat-abi=softfp -c -Wall -Wextra -Wno-unused-parameter -Wno-missing-field-initializers -fmessage-length=0 -fno-exceptions -fno-builtin -ffunction-sections -fdata-sections -funsigned-char -fno-delete-null-pointer-checks -fomit-frame-pointer -Os -DNDEBUG -include mbed_config.h -DTARGET_M4 -DTOOLCHAIN_GCC_ARM -DTARGET_LIKE_CORTEX_M4 -DDEVICE_I2C=1 -DRTC_LSI=1 -DTARGET_CORTEX_M -DTARGET_STM32F3 -DDEVICE_SLEEP=1 -DDEVICE_SPI=1 -DDEVICE_PORTIN=1 -DTARGET_RTOS_M4_M7 -DTARGET_CORTEX -D__FPU_PRESENT=1 -DDEVICE_PWMOUT=1 -DDEVICE_SPISLAVE=1 -D__CMSIS_RTOS -DDEVICE_I2C_ASYNCH=1 -DDEVICE_INTERRUPTIN=1 -DDEVICE_PORTOUT=1 -D__CORTEX_M4 -DDEVICE_CAN=1 -DTARGET_UVISOR_UNSUPPORTED -DTARGET_LIKE_MBED -DDEVICE_STDIO_MESSAGES=1 -DTOOLCHAIN_object -DDEVICE_PORTINOUT=1 -D__MBED__=1 -DTOOLCHAIN_GCC -DTRANSACTION_QUEUE_SIZE_SPI=2 -DDEVICE_ANALOGIN=1 -DDEVICE_SPI_ASYNCH=1 -DTARGET_STM32F303K8 -DTARGET_STM32F303x8 -DDEVICE_I2CSLAVE=1 -DDEVICE_SERIAL_FC=1 -DDEVICE_SERIAL=1 -DTARGET_STM -DTARGET_NUCLEO_F303K8 -DTARGET_FF_ARDUINO -DDEVICE_RTC=1 -DMBED_BUILD_TIMESTAMP=1511786143.3 -DDEVICE_LOWPOWERTIMER=1 -DTARGET_FAMILY_STM32 -DTARGET_RELEASE -D__MBED_CMSIS_RTOS_CM -DDEVICE_ANALOGOUT=1 -DARM_MATH_CM4 -DSTM32F303x8 -DPLATFORMIO=30607",
  "gccErrorLimit": 15,
  "gccIncludePaths": "/Users/tomixrm/.platformio/packages/framework-mbed,/Users/tomixrm/.platformio/packages/framework-mbed/cmsis,/Users/tomixrm/.platformio/packages/framework-mbed/cmsis/TARGET_CORTEX_M,/Users/tomixrm/.platformio/packages/framework-mbed/cmsis/TARGET_CORTEX_M/TOOLCHAIN_GCC,/Users/tomixrm/.platformio/packages/framework-mbed/cmsis/TOOLCHAIN_GCC,/Users/tomixrm/.platformio/packages/framework-mbed/drivers,/Users/tomixrm/.platformio/packages/framework-mbed/hal,/Users/tomixrm/.platformio/packages/framework-mbed/hal/storage_abstraction,/Users/tomixrm/.platformio/packages/framework-mbed/platform,/Users/tomixrm/.platformio/packages/framework-mbed/targets,/Users/tomixrm/.platformio/packages/framework-mbed/targets/TARGET_STM,/Users/tomixrm/.platformio/packages/framework-mbed/targets/TARGET_STM/TARGET_STM32F3,/Users/tomixrm/.platformio/packages/framework-mbed/targets/TARGET_STM/TARGET_STM32F3/device,/Users/tomixrm/.platformio/packages/framework-mbed/targets/TARGET_STM/TARGET_STM32F3/TARGET_STM32F303x8,/Users/tomixrm/.platformio/packages/framework-mbed/targets/TARGET_STM/TARGET_STM32F3/TARGET_STM32F303x8/device,/Users/tomixrm/.platformio/packages/framework-mbed/targets/TARGET_STM/TARGET_STM32F3/TARGET_STM32F303x8/device/TOOLCHAIN_GCC_ARM,/Users/tomixrm/.platformio/packages/framework-mbed/targets/TARGET_STM/TARGET_STM32F3/TARGET_STM32F303x8/TARGET_NUCLEO_F303K8,/Users/tomixrm/.platformio/packages/framework-mbed/platformio/variants/NUCLEO_F303K8,/Users/tomixrm/Documents/RCJ/2019/3号機/UI/lib/LGBZ,/Users/tomixrm/Documents/RCJ/2019/3号機/UI/lib/LGRGB,/Users/tomixrm/Documents/RCJ/2019/3号機/UI/lib/LGSW_V2,/Users/tomixrm/Documents/RCJ/2019/3号機/UI/lib/LGkicker,/Users/tomixrm/Documents/RCJ/2019/3号機/UI/lib/SSD1306,/Users/tomixrm/Documents/RCJ/2019/3号機/UI/lib/setup,/Users/tomixrm/Documents/RCJ/2019/3号機/UI/lib/LGSW,/Users/tomixrm/Documents/RCJ/2019/3号機/UI/lib/LGUSS,/Users/tomixrm/.platformio/packages/framework-mbed/features/unsupported/USBHost,/Users/tomixrm/.platformio/packages/framework-mbed/features/unsupported,/Users/tomixrm/.platformio/packages/framework-mbed/features/unsupported/USBHost/targets,/Users/tomixrm/.platformio/packages/framework-mbed/features/unsupported/USBHost/targets/TARGET_STM,/Users/tomixrm/.platformio/packages/framework-mbed/features/unsupported/USBHost/USBHost,/Users/tomixrm/.platformio/packages/framework-mbed/features/unsupported/USBHost/USBHost3GModule,/Users/tomixrm/.platformio/packages/framework-mbed/features/unsupported/USBHost/USBHostHID,/Users/tomixrm/.platformio/packages/framework-mbed/features/unsupported/USBHost/USBHostHub,/Users/tomixrm/.platformio/packages/framework-mbed/features/unsupported/USBHost/USBHostMIDI,/Users/tomixrm/.platformio/packages/framework-mbed/features/unsupported/USBHost/USBHostMSD,/Users/tomixrm/.platformio/packages/framework-mbed/features/unsupported/USBHost/USBHostSerial,/Users/tomixrm/.platformio/packages/framework-mbed/features/nanostack/FEATURE_NANOSTACK_FULL,/Users/tomixrm/.platformio/packages/framework-mbed/features/nanostack,/Users/tomixrm/.platformio/packages/framework-mbed/features/nanostack/FEATURE_NANOSTACK_FULL/TOOLCHAIN_GCC,/Users/tomixrm/.platformio/packages/framework-mbed/features/nanostack/FEATURE_NANOSTACK_FULL/TOOLCHAIN_GCC/TARGET_RTOS_M4_M7,/Users/tomixrm/.platformio/packages/framework-mbed/features/nanostack/FEATURE_LOWPAN_HOST,/Users/tomixrm/.platformio/packages/framework-mbed/features/nanostack/FEATURE_LOWPAN_HOST/TOOLCHAIN_GCC,/Users/tomixrm/.platformio/packages/framework-mbed/features/nanostack/FEATURE_LOWPAN_HOST/TOOLCHAIN_GCC/TARGET_RTOS_M4_M7,/Users/tomixrm/.platformio/packages/framework-mbed/features/storage/FEATURE_STORAGE,/Users/tomixrm/.platformio/packages/framework-mbed/features/storage,/Users/tomixrm/.platformio/packages/framework-mbed/features/storage/FEATURE_STORAGE/cfstore,/Users/tomixrm/.platformio/packages/framework-mbed/features/storage/FEATURE_STORAGE/cfstore/configuration-store,/Users/tomixrm/.platformio/packages/framework-mbed/features/storage/FEATURE_STORAGE/cfstore/doc,/Users/tomixrm/.platformio/packages/framework-mbed/features/storage/FEATURE_STORAGE/cfstore/doc/design,/Users/tomixrm/.platformio/packages/framework-mbed/features/storage/FEATURE_STORAGE/cfstore/doc/design/pics,/Users/tomixrm/.platformio/packages/framework-mbed/features/storage/FEATURE_STORAGE/cfstore/doc/design/umlet,/Users/tomixrm/.platformio/packages/framework-mbed/features/storage/FEATURE_STORAGE/cfstore/doc/project,/Users/tomixrm/.platformio/packages/framework-mbed/features/storage/FEATURE_STORAGE/cfstore/source,/Users/tomixrm/.platformio/packages/framework-mbed/features/storage/FEATURE_STORAGE/flash-journal,/Users/tomixrm/.platformio/packages/framework-mbed/features/storage/FEATURE_STORAGE/flash-journal/flash-journal-strategy-sequential,/Users/tomixrm/.platformio/packages/framework-mbed/features/storage/FEATURE_STORAGE/storage-volume-manager,/Users/tomixrm/.platformio/packages/framework-mbed/features/storage/FEATURE_STORAGE/storage-volume-manager/source,/Users/tomixrm/.platformio/packages/framework-mbed/features/storage/FEATURE_STORAGE/storage-volume-manager/storage-volume-manager,/Users/tomixrm/.platformio/packages/framework-mbed/features/nanostack/FEATURE_ETHERNET_HOST,/Users/tomixrm/.platformio/packages/framework-mbed/features/nanostack/FEATURE_ETHERNET_HOST/TOOLCHAIN_GCC,/Users/tomixrm/.platformio/packages/framework-mbed/features/nanostack/FEATURE_ETHERNET_HOST/TOOLCHAIN_GCC/TARGET_RTOS_M4_M7,/Users/tomixrm/.platformio/packages/framework-mbed/features/mbedtls,/Users/tomixrm/.platformio/packages/framework-mbed/features,/Users/tomixrm/.platformio/packages/framework-mbed/features/mbedtls/importer,/Users/tomixrm/.platformio/packages/framework-mbed/features/mbedtls/inc,/Users/tomixrm/.platformio/packages/framework-mbed/features/mbedtls/inc/mbedtls,/Users/tomixrm/.platformio/packages/framework-mbed/features/mbedtls/platform,/Users/tomixrm/.platformio/packages/framework-mbed/features/mbedtls/platform/inc,/Users/tomixrm/.platformio/packages/framework-mbed/features/mbedtls/platform/src,/Users/tomixrm/.platformio/packages/framework-mbed/features/mbedtls/src,/Users/tomixrm/.platformio/packages/framework-mbed/features/mbedtls/targets,/Users/tomixrm/.platformio/packages/framework-mbed/features/mbedtls/targets/TARGET_STM,/Users/tomixrm/.platformio/packages/framework-mbed/features/FEATURE_COMMON_PAL,/Users/tomixrm/.platformio/packages/framework-mbed/features/FEATURE_COMMON_PAL/mbed-client-randlib,/Users/tomixrm/.platformio/packages/framework-mbed/features/FEATURE_COMMON_PAL/mbed-client-randlib/mbed-client-randlib,/Users/tomixrm/.platformio/packages/framework-mbed/features/FEATURE_COMMON_PAL/mbed-client-randlib/mbed-client-randlib/platform,/Users/tomixrm/.platformio/packages/framework-mbed/features/FEATURE_COMMON_PAL/mbed-client-randlib/source,/Users/tomixrm/.platformio/packages/framework-mbed/features/FEATURE_COMMON_PAL/mbed-coap,/Users/tomixrm/.platformio/packages/framework-mbed/features/FEATURE_COMMON_PAL/mbed-coap/doxygen,/Users/tomixrm/.platformio/packages/framework-mbed/features/FEATURE_COMMON_PAL/mbed-coap/mbed-coap,/Users/tomixrm/.platformio/packages/framework-mbed/features/FEATURE_COMMON_PAL/mbed-coap/source,/Users/tomixrm/.platformio/packages/framework-mbed/features/FEATURE_COMMON_PAL/mbed-coap/source/include,/Users/tomixrm/.platformio/packages/framework-mbed/features/FEATURE_COMMON_PAL/mbed-trace,/Users/tomixrm/.platformio/packages/framework-mbed/features/FEATURE_COMMON_PAL/mbed-trace/mbed-trace,/Users/tomixrm/.platformio/packages/framework-mbed/features/FEATURE_COMMON_PAL/mbed-trace/source,/Users/tomixrm/.platformio/packages/framework-mbed/features/FEATURE_COMMON_PAL/nanostack-hal-mbed-cmsis-rtos,/Users/tomixrm/.platformio/packages/framework-mbed/features/FEATURE_COMMON_PAL/nanostack-hal-mbed-cmsis-rtos/cs_nvm,/Users/tomixrm/.platformio/packages/framework-mbed/features/FEATURE_COMMON_PAL/nanostack-hal-mbed-cmsis-rtos/nvm,/Users/tomixrm/.platformio/packages/framework-mbed/features/FEATURE_COMMON_PAL/nanostack-libservice,/Users/tomixrm/.platformio/packages/framework-mbed/features/FEATURE_COMMON_PAL/nanostack-libservice/mbed-client-libservice,/Users/tomixrm/.platformio/packages/framework-mbed/features/FEATURE_COMMON_PAL/nanostack-libservice/mbed-client-libservice/platform,/Users/tomixrm/.platformio/packages/framework-mbed/features/FEATURE_COMMON_PAL/nanostack-libservice/source,/Users/tomixrm/.platformio/packages/framework-mbed/features/FEATURE_COMMON_PAL/nanostack-libservice/source/IPv6_fcf_lib,/Users/tomixrm/.platformio/packages/framework-mbed/features/FEATURE_COMMON_PAL/nanostack-libservice/source/libBits,/Users/tomixrm/.platformio/packages/framework-mbed/features/FEATURE_COMMON_PAL/nanostack-libservice/source/libip6string,/Users/tomixrm/.platformio/packages/framework-mbed/features/FEATURE_COMMON_PAL/nanostack-libservice/source/libList,/Users/tomixrm/.platformio/packages/framework-mbed/features/FEATURE_COMMON_PAL/nanostack-libservice/source/libTrace,/Users/tomixrm/.platformio/packages/framework-mbed/features/FEATURE_COMMON_PAL/nanostack-libservice/source/libTrace/scripts,/Users/tomixrm/.platformio/packages/framework-mbed/features/FEATURE_COMMON_PAL/nanostack-libservice/source/nsdynmemLIB,/Users/tomixrm/.platformio/packages/framework-mbed/features/FEATURE_COMMON_PAL/nanostack-libservice/source/nvmHelper,/Users/tomixrm/.platformio/packages/framework-mbed/features/FEATURE_COMMON_PAL/sal-stack-nanostack-eventloop,/Users/tomixrm/.platformio/packages/framework-mbed/features/FEATURE_COMMON_PAL/sal-stack-nanostack-eventloop/nanostack-event-loop,/Users/tomixrm/.platformio/packages/framework-mbed/features/FEATURE_COMMON_PAL/sal-stack-nanostack-eventloop/nanostack-event-loop/platform,/Users/tomixrm/.platformio/packages/framework-mbed/features/FEATURE_COMMON_PAL/sal-stack-nanostack-eventloop/source,/Users/tomixrm/.platformio/packages/framework-mbed/features/FEATURE_UVISOR,/Users/tomixrm/.platformio/packages/framework-mbed/features/FEATURE_UVISOR/importer,/Users/tomixrm/.platformio/packages/framework-mbed/features/FEATURE_UVISOR/includes,/Users/tomixrm/.platformio/packages/framework-mbed/features/FEATURE_UVISOR/includes/uvisor,/Users/tomixrm/.platformio/packages/framework-mbed/features/FEATURE_UVISOR/includes/uvisor/api,/Users/tomixrm/.platformio/packages/framework-mbed/features/FEATURE_UVISOR/includes/uvisor/api/inc,/Users/tomixrm/.platformio/packages/framework-mbed/features/FEATURE_UVISOR/includes/uvisor-lib,/Users/tomixrm/.platformio/packages/framework-mbed/features/FEATURE_UVISOR/includes/uvisor-lib/rtx,/Users/tomixrm/.platformio/packages/framework-mbed/features/FEATURE_UVISOR/source,/Users/tomixrm/.platformio/packages/framework-mbed/features/FEATURE_UVISOR/source/rtx,/Users/tomixrm/.platformio/packages/framework-mbed/features/FEATURE_UVISOR/targets,/Users/tomixrm/.platformio/packages/framework-mbed/features/FEATURE_UVISOR/targets/TARGET_UVISOR_UNSUPPORTED,/Users/tomixrm/.platformio/packages/framework-mbed/features/FEATURE_LWIP,/Users/tomixrm/.platformio/packages/framework-mbed/features/FEATURE_LWIP/lwip-interface,/Users/tomixrm/.platformio/packages/framework-mbed/features/FEATURE_LWIP/lwip-interface/lwip,/Users/tomixrm/.platformio/packages/framework-mbed/features/FEATURE_LWIP/lwip-interface/lwip/src,/Users/tomixrm/.platformio/packages/framework-mbed/features/FEATURE_LWIP/lwip-interface/lwip/src/api,/Users/tomixrm/.platformio/packages/framework-mbed/features/FEATURE_LWIP/lwip-interface/lwip/src/core,/Users/tomixrm/.platformio/packages/framework-mbed/features/FEATURE_LWIP/lwip-interface/lwip/src/core/ipv4,/Users/tomixrm/.platformio/packages/framework-mbed/features/FEATURE_LWIP/lwip-interface/lwip/src/core/ipv6,/Users/tomixrm/.platformio/packages/framework-mbed/features/FEATURE_LWIP/lwip-interface/lwip/src/include,/Users/tomixrm/.platformio/packages/framework-mbed/features/FEATURE_LWIP/lwip-interface/lwip/src/include/lwip,/Users/tomixrm/.platformio/packages/framework-mbed/features/FEATURE_LWIP/lwip-interface/lwip/src/include/lwip/priv,/Users/tomixrm/.platformio/packages/framework-mbed/features/FEATURE_LWIP/lwip-interface/lwip/src/include/lwip/prot,/Users/tomixrm/.platformio/packages/framework-mbed/features/FEATURE_LWIP/lwip-interface/lwip/src/include/netif,/Users/tomixrm/.platformio/packages/framework-mbed/features/FEATURE_LWIP/lwip-interface/lwip/src/include/netif/ppp,/Users/tomixrm/.platformio/packages/framework-mbed/features/FEATURE_LWIP/lwip-interface/lwip/src/include/netif/ppp/polarssl,/Users/tomixrm/.platformio/packages/framework-mbed/features/FEATURE_LWIP/lwip-interface/lwip/src/netif,/Users/tomixrm/.platformio/packages/framework-mbed/features/FEATURE_LWIP/lwip-interface/lwip/src/netif/ppp,/Users/tomixrm/.platformio/packages/framework-mbed/features/FEATURE_LWIP/lwip-interface/lwip/src/netif/ppp/polarssl,/Users/tomixrm/.platformio/packages/framework-mbed/features/FEATURE_LWIP/lwip-interface/lwip-eth,/Users/tomixrm/.platformio/packages/framework-mbed/features/FEATURE_LWIP/lwip-interface/lwip-eth/arch,/Users/tomixrm/.platformio/packages/framework-mbed/features/FEATURE_LWIP/lwip-interface/lwip-eth/arch/TARGET_STM,/Users/tomixrm/.platformio/packages/framework-mbed/features/FEATURE_LWIP/lwip-interface/lwip-sys,/Users/tomixrm/.platformio/packages/framework-mbed/features/FEATURE_LWIP/lwip-interface/lwip-sys/arch,/Users/tomixrm/.platformio/packages/framework-mbed/features/FEATURE_BLE,/Users/tomixrm/.platformio/packages/framework-mbed/features/FEATURE_BLE/ble,/Users/tomixrm/.platformio/packages/framework-mbed/features/FEATURE_BLE/ble/services,/Users/tomixrm/.platformio/packages/framework-mbed/features/FEATURE_BLE/source,/Users/tomixrm/.platformio/packages/framework-mbed/features/FEATURE_BLE/source/services,/Users/tomixrm/.platformio/packages/framework-mbed/features/FEATURE_BLE/targets,/Users/tomixrm/.platformio/packages/framework-mbed/features/nanostack/FEATURE_THREAD_ROUTER,/Users/tomixrm/.platformio/packages/framework-mbed/features/nanostack/FEATURE_THREAD_ROUTER/TOOLCHAIN_GCC,/Users/tomixrm/.platformio/packages/framework-mbed/features/nanostack/FEATURE_THREAD_ROUTER/TOOLCHAIN_GCC/TARGET_RTOS_M4_M7,/Users/tomixrm/.platformio/packages/framework-mbed/features/nanostack/FEATURE_THREAD_BORDER_ROUTER,/Users/tomixrm/.platformio/packages/framework-mbed/features/nanostack/FEATURE_THREAD_BORDER_ROUTER/TOOLCHAIN_GCC,/Users/tomixrm/.platformio/packages/framework-mbed/features/nanostack/FEATURE_THREAD_BORDER_ROUTER/TOOLCHAIN_GCC/TARGET_RTOS_M4_M7,/Users/tomixrm/.platformio/packages/framework-mbed/features/nanostack/FEATURE_THREAD_END_DEVICE,/Users/tomixrm/.platformio/packages/framework-mbed/features/nanostack/FEATURE_THREAD_END_DEVICE/TOOLCHAIN_GCC,/Users/tomixrm/.platformio/packages/framework-mbed/features/nanostack/FEATURE_THREAD_END_DEVICE/TOOLCHAIN_GCC/TARGET_RTOS_M4_M7,/Users/tomixrm/.platformio/packages/framework-mbed/features/nanostack/FEATURE_LOWPAN_ROUTER,/Users/tomixrm/.platformio/packages/framework-mbed/features/nanostack/FEATURE_LOWPAN_ROUTER/TOOLCHAIN_GCC,/Users/tomixrm/.platformio/packages/framework-mbed/features/nanostack/FEATURE_LOWPAN_ROUTER/TOOLCHAIN_GCC/TARGET_RTOS_M4_M7,/Users/tomixrm/.platformio/packages/framework-mbed/features/unsupported/USBDevice,/Users/tomixrm/.platformio/packages/framework-mbed/features/unsupported/USBDevice/targets,/Users/tomixrm/.platformio/packages/framework-mbed/features/unsupported/USBDevice/targets/TARGET_STM,/Users/tomixrm/.platformio/packages/framework-mbed/features/unsupported/USBDevice/USBAudio,/Users/tomixrm/.platformio/packages/framework-mbed/features/unsupported/USBDevice/USBDevice,/Users/tomixrm/.platformio/packages/framework-mbed/features/unsupported/USBDevice/USBHID,/Users/tomixrm/.platformio/packages/framework-mbed/features/unsupported/USBDevice/USBMIDI,/Users/tomixrm/.platformio/packages/framework-mbed/features/unsupported/USBDevice/USBMSD,/Users/tomixrm/.platformio/packages/framework-mbed/features/unsupported/USBDevice/USBSerial,/Users/tomixrm/.platformio/packages/framework-mbed/features/netsocket,/Users/tomixrm/.platformio/packages/framework-mbed/features/netsocket/cellular,/Users/tomixrm/.platformio/packages/framework-mbed/features/netsocket/cellular/generic_modem_driver,/Users/tomixrm/.platformio/packages/framework-mbed/features/netsocket/cellular/utils,/Users/tomixrm/.platformio/packages/framework-mbed/features/nanostack/FEATURE_NANOSTACK,/Users/tomixrm/.platformio/packages/framework-mbed/features/nanostack/FEATURE_NANOSTACK/coap-service,/Users/tomixrm/.platformio/packages/framework-mbed/features/nanostack/FEATURE_NANOSTACK/coap-service/coap-service,/Users/tomixrm/.platformio/packages/framework-mbed/features/nanostack/FEATURE_NANOSTACK/coap-service/source,/Users/tomixrm/.platformio/packages/framework-mbed/features/nanostack/FEATURE_NANOSTACK/coap-service/source/include,/Users/tomixrm/.platformio/packages/framework-mbed/features/nanostack/FEATURE_NANOSTACK/mbed-mesh-api,/Users/tomixrm/.platformio/packages/framework-mbed/features/nanostack/FEATURE_NANOSTACK/mbed-mesh-api/mbed-mesh-api,/Users/tomixrm/.platformio/packages/framework-mbed/features/nanostack/FEATURE_NANOSTACK/mbed-mesh-api/source,/Users/tomixrm/.platformio/packages/framework-mbed/features/nanostack/FEATURE_NANOSTACK/mbed-mesh-api/source/include,/Users/tomixrm/.platformio/packages/framework-mbed/features/nanostack/FEATURE_NANOSTACK/nanostack-interface,/Users/tomixrm/.platformio/packages/framework-mbed/features/nanostack/FEATURE_NANOSTACK/sal-stack-nanostack,/Users/tomixrm/.platformio/packages/framework-mbed/features/nanostack/FEATURE_NANOSTACK/sal-stack-nanostack/docs,/Users/tomixrm/.platformio/packages/framework-mbed/features/nanostack/FEATURE_NANOSTACK/sal-stack-nanostack/docs/img,/Users/tomixrm/.platformio/packages/framework-mbed/features/nanostack/FEATURE_NANOSTACK/sal-stack-nanostack/doxygen,/Users/tomixrm/.platformio/packages/framework-mbed/features/nanostack/FEATURE_NANOSTACK/sal-stack-nanostack/nanostack,/Users/tomixrm/.platformio/packages/framework-mbed/features/nanostack/FEATURE_NANOSTACK/sal-stack-nanostack/nanostack/platform,/Users/tomixrm/.platformio/packages/framework-mbed/features/nanostack/FEATURE_NANOSTACK/targets,/Users/tomixrm/.platformio/packages/framework-mbed/features/unsupported/rpc,/Users/tomixrm/.platformio/packages/framework-mbed/features/unsupported/dsp,/Users/tomixrm/.platformio/packages/framework-mbed/features/unsupported/dsp/cmsis_dsp,/Users/tomixrm/.platformio/packages/framework-mbed/features/unsupported/dsp/cmsis_dsp/BasicMathFunctions,/Users/tomixrm/.platformio/packages/framework-mbed/features/unsupported/dsp/cmsis_dsp/CommonTables,/Users/tomixrm/.platformio/packages/framework-mbed/features/unsupported/dsp/cmsis_dsp/ComplexMathFunctions,/Users/tomixrm/.platformio/packages/framework-mbed/features/unsupported/dsp/cmsis_dsp/ControllerFunctions,/Users/tomixrm/.platformio/packages/framework-mbed/features/unsupported/dsp/cmsis_dsp/FastMathFunctions,/Users/tomixrm/.platformio/packages/framework-mbed/features/unsupported/dsp/cmsis_dsp/FilteringFunctions,/Users/tomixrm/.platformio/packages/framework-mbed/features/unsupported/dsp/cmsis_dsp/MatrixFunctions,/Users/tomixrm/.platformio/packages/framework-mbed/features/unsupported/dsp/cmsis_dsp/StatisticsFunctions,/Users/tomixrm/.platformio/packages/framework-mbed/features/unsupported/dsp/cmsis_dsp/SupportFunctions,/Users/tomixrm/.platformio/packages/framework-mbed/features/unsupported/dsp/cmsis_dsp/TransformFunctions,/Users/tomixrm/.platformio/packages/framework-mbed/features/unsupported/dsp/dsp,/Users/tomixrm/.platformio/packages/framework-mbed/features/nanostack/FEATURE_LOWPAN_BORDER_ROUTER,/Users/tomixrm/.platformio/packages/framework-mbed/features/nanostack/FEATURE_LOWPAN_BORDER_ROUTER/TOOLCHAIN_GCC,/Users/tomixrm/.platformio/packages/framework-mbed/features/nanostack/FEATURE_LOWPAN_BORDER_ROUTER/TOOLCHAIN_GCC/TARGET_RTOS_M4_M7,/Users/tomixrm/.platformio/packages/framework-mbed/features/filesystem,/Users/tomixrm/.platformio/packages/framework-mbed/features/filesystem/bd,/Users/tomixrm/.platformio/packages/framework-mbed/features/filesystem/fat,/Users/tomixrm/.platformio/packages/framework-mbed/features/filesystem/fat/ChaN,/Users/tomixrm/.platformio/packages/framework-mbed/events,/Users/tomixrm/.platformio/packages/framework-mbed/events/equeue,/Users/tomixrm/.platformio/packages/framework-mbed/rtos,/Users/tomixrm/.platformio/packages/framework-mbed/rtos/TARGET_CORTEX,/Users/tomixrm/.platformio/packages/framework-mbed/rtos/TARGET_CORTEX/rtx4,/Users/tomixrm/.platformio/packages/framework-mbed/rtos/TARGET_CORTEX/rtx5,/Users/tomixrm/.platformio/packages/framework-mbed/rtos/TARGET_CORTEX/rtx5/TARGET_RTOS_M4_M7,/Users/tomixrm/.platformio/packages/framework-mbed/rtos/TARGET_CORTEX/rtx5/TARGET_RTOS_M4_M7/TOOLCHAIN_GCC,/Users/tomixrm/.platformio/packages/toolchain-gccarmnoneeabi/arm-none-eabi/include,/Users/tomixrm/.platformio/packages/toolchain-gccarmnoneeabi/arm-none-eabi/include/c++/6.3.1,/Users/tomixrm/.platformio/packages/toolchain-gccarmnoneeabi/arm-none-eabi/include/c++/6.3.1/arm-none-eabi,/Users/tomixrm/.platformio/packages/toolchain-gccarmnoneeabi/lib/gcc/arm-none-eabi/6.3.1/include,/Users/tomixrm/.platformio/packages/toolchain-gccarmnoneeabi/lib/gcc/arm-none-eabi/6.3.1/include-fixed,/Users/tomixrm/.platformio/packages/tool-unity,/Users/tomixrm/Documents/RCJ/2019/3号機/UI/include,/Users/tomixrm/Documents/RCJ/2019/3号機/UI/src",
  "gccSuppressWarnings": false
}
