{
  "execPath": "/Users/tomixrm/.platformio/packages/toolchain-gccarmnoneeabi/bin/arm-none-eabi-g++",
  "gccDefaultCFlags": "-fsyntax-only -std=gnu99 -mcpu=cortex-m3 -mthumb -c -Wall -Wextra -Wno-unused-parameter -Wno-missing-field-initializers -fmessage-length=0 -fno-exceptions -fno-builtin -ffunction-sections -fdata-sections -funsigned-char -fno-delete-null-pointer-checks -fomit-frame-pointer -Os -DNDEBUG -include mbed_config.h -DTOOLCHAIN_GCC_ARM -DDEVICE_SLEEP=1 -DTARGET_LIKE_CORTEX_M3 -DTARGET_M3 -DDEVICE_PORTINOUT=1 -DTRANSACTION_QUEUE_SIZE_SPI=2 -DTARGET_STM32F1 -DDEVICE_PORTIN=1 -DTARGET_CORTEX -DDEVICE_PWMOUT=1 -DDEVICE_SPISLAVE=1 -D__CMSIS_RTOS -DDEVICE_I2C_ASYNCH=1 -DDEVICE_INTERRUPTIN=1 -D__CORTEX_M3 -DDEVICE_SPI=1 -DTARGET_UVISOR_UNSUPPORTED -DTARGET_LIKE_MBED -DTOOLCHAIN_object -D__MBED__=1 -DTOOLCHAIN_GCC -DTARGET_CORTEX_M -DDEVICE_PORTOUT=1 -DDEVICE_SPI_ASYNCH=1 -DTARGET_FAMILY_STM32 -DDEVICE_I2C=1 -DTARGET_STM32F103C8 -DTARGET_BLUEPILL_F103C8 -DDEVICE_I2CSLAVE=1 -DDEVICE_SERIAL=1 -DTARGET_STM -DDEVICE_ANALOGIN=1 -DARM_MATH_CM3 -DMBED_BUILD_TIMESTAMP=1511786191.89 -DTARGET_RELEASE -D__MBED_CMSIS_RTOS_CM -DSTM32F103xB",
  "gccDefaultCppFlags": "-fsyntax-only -std=gnu++98 -fno-rtti -Wvla -mcpu=cortex-m3 -mthumb -c -Wall -Wextra -Wno-unused-parameter -Wno-missing-field-initializers -fmessage-length=0 -fno-exceptions -fno-builtin -ffunction-sections -fdata-sections -funsigned-char -fno-delete-null-pointer-checks -fomit-frame-pointer -Os -DNDEBUG -include mbed_config.h -DTOOLCHAIN_GCC_ARM -DDEVICE_SLEEP=1 -DTARGET_LIKE_CORTEX_M3 -DTARGET_M3 -DDEVICE_PORTINOUT=1 -DTRANSACTION_QUEUE_SIZE_SPI=2 -DTARGET_STM32F1 -DDEVICE_PORTIN=1 -DTARGET_CORTEX -DDEVICE_PWMOUT=1 -DDEVICE_SPISLAVE=1 -D__CMSIS_RTOS -DDEVICE_I2C_ASYNCH=1 -DDEVICE_INTERRUPTIN=1 -D__CORTEX_M3 -DDEVICE_SPI=1 -DTARGET_UVISOR_UNSUPPORTED -DTARGET_LIKE_MBED -DTOOLCHAIN_object -D__MBED__=1 -DTOOLCHAIN_GCC -DTARGET_CORTEX_M -DDEVICE_PORTOUT=1 -DDEVICE_SPI_ASYNCH=1 -DTARGET_FAMILY_STM32 -DDEVICE_I2C=1 -DTARGET_STM32F103C8 -DTARGET_BLUEPILL_F103C8 -DDEVICE_I2CSLAVE=1 -DDEVICE_SERIAL=1 -DTARGET_STM -DDEVICE_ANALOGIN=1 -DARM_MATH_CM3 -DMBED_BUILD_TIMESTAMP=1511786191.89 -DTARGET_RELEASE -D__MBED_CMSIS_RTOS_CM -DSTM32F103xB",
  "gccErrorLimit": 15,
  "gccIncludePaths": "/Users/tomixrm/Documents/RoboCup/RoboCup2019/Program/Robot/World2019/Slave/new IR/include,/Users/tomixrm/Documents/RoboCup/RoboCup2019/Program/Robot/World2019/Slave/new IR/src,/Users/tomixrm/.platformio/packages/framework-mbed@4.156.0,/Users/tomixrm/.platformio/packages/framework-mbed@4.156.0/cmsis,/Users/tomixrm/.platformio/packages/framework-mbed@4.156.0/cmsis/TARGET_CORTEX_M,/Users/tomixrm/.platformio/packages/framework-mbed@4.156.0/cmsis/TARGET_CORTEX_M/TOOLCHAIN_GCC,/Users/tomixrm/.platformio/packages/framework-mbed@4.156.0/cmsis/TOOLCHAIN_GCC,/Users/tomixrm/.platformio/packages/framework-mbed@4.156.0/drivers,/Users/tomixrm/.platformio/packages/framework-mbed@4.156.0/hal,/Users/tomixrm/.platformio/packages/framework-mbed@4.156.0/hal/storage_abstraction,/Users/tomixrm/.platformio/packages/framework-mbed@4.156.0/platform,/Users/tomixrm/.platformio/packages/framework-mbed@4.156.0/targets,/Users/tomixrm/.platformio/packages/framework-mbed@4.156.0/targets/TARGET_STM,/Users/tomixrm/.platformio/packages/framework-mbed@4.156.0/targets/TARGET_STM/TARGET_STM32F1,/Users/tomixrm/.platformio/packages/framework-mbed@4.156.0/targets/TARGET_STM/TARGET_STM32F1/device,/Users/tomixrm/.platformio/packages/framework-mbed@4.156.0/targets/TARGET_STM/TARGET_STM32F1/TARGET_BLUEPILL_F103C8,/Users/tomixrm/.platformio/packages/framework-mbed@4.156.0/targets/TARGET_STM/TARGET_STM32F1/TARGET_BLUEPILL_F103C8/device,/Users/tomixrm/.platformio/packages/framework-mbed@4.156.0/targets/TARGET_STM/TARGET_STM32F1/TARGET_BLUEPILL_F103C8/device/TOOLCHAIN_GCC_ARM,/Users/tomixrm/.platformio/packages/framework-mbed@4.156.0/platformio/variants/BLUEPILL_F103C8,/Users/tomixrm/.platformio/lib/M5Stack_ID1851/src,/Users/tomixrm/.platformio/packages/framework-mbed@4.156.0/features/unsupported/USBDevice,/Users/tomixrm/.platformio/packages/framework-mbed@4.156.0/features/unsupported,/Users/tomixrm/.platformio/packages/framework-mbed@4.156.0/features/unsupported/USBDevice/targets,/Users/tomixrm/.platformio/packages/framework-mbed@4.156.0/features/unsupported/USBDevice/targets/TARGET_STM,/Users/tomixrm/.platformio/packages/framework-mbed@4.156.0/features/unsupported/USBDevice/USBAudio,/Users/tomixrm/.platformio/packages/framework-mbed@4.156.0/features/unsupported/USBDevice/USBDevice,/Users/tomixrm/.platformio/packages/framework-mbed@4.156.0/features/unsupported/USBDevice/USBHID,/Users/tomixrm/.platformio/packages/framework-mbed@4.156.0/features/unsupported/USBDevice/USBMIDI,/Users/tomixrm/.platformio/packages/framework-mbed@4.156.0/features/unsupported/USBDevice/USBMSD,/Users/tomixrm/.platformio/packages/framework-mbed@4.156.0/features/unsupported/USBDevice/USBSerial,/Users/tomixrm/.platformio/packages/framework-mbed@4.156.0/features/unsupported/USBHost,/Users/tomixrm/.platformio/packages/framework-mbed@4.156.0/features/unsupported/USBHost/targets,/Users/tomixrm/.platformio/packages/framework-mbed@4.156.0/features/unsupported/USBHost/targets/TARGET_STM,/Users/tomixrm/.platformio/packages/framework-mbed@4.156.0/features/unsupported/USBHost/USBHost,/Users/tomixrm/.platformio/packages/framework-mbed@4.156.0/features/unsupported/USBHost/USBHost3GModule,/Users/tomixrm/.platformio/packages/framework-mbed@4.156.0/features/unsupported/USBHost/USBHostHID,/Users/tomixrm/.platformio/packages/framework-mbed@4.156.0/features/unsupported/USBHost/USBHostHub,/Users/tomixrm/.platformio/packages/framework-mbed@4.156.0/features/unsupported/USBHost/USBHostMIDI,/Users/tomixrm/.platformio/packages/framework-mbed@4.156.0/features/unsupported/USBHost/USBHostMSD,/Users/tomixrm/.platformio/packages/framework-mbed@4.156.0/features/unsupported/USBHost/USBHostSerial,/Users/tomixrm/.platformio/packages/framework-mbed@4.156.0/features/unsupported/dsp,/Users/tomixrm/.platformio/packages/framework-mbed@4.156.0/features/unsupported/dsp/cmsis_dsp,/Users/tomixrm/.platformio/packages/framework-mbed@4.156.0/features/unsupported/dsp/cmsis_dsp/BasicMathFunctions,/Users/tomixrm/.platformio/packages/framework-mbed@4.156.0/features/unsupported/dsp/cmsis_dsp/CommonTables,/Users/tomixrm/.platformio/packages/framework-mbed@4.156.0/features/unsupported/dsp/cmsis_dsp/ComplexMathFunctions,/Users/tomixrm/.platformio/packages/framework-mbed@4.156.0/features/unsupported/dsp/cmsis_dsp/ControllerFunctions,/Users/tomixrm/.platformio/packages/framework-mbed@4.156.0/features/unsupported/dsp/cmsis_dsp/FastMathFunctions,/Users/tomixrm/.platformio/packages/framework-mbed@4.156.0/features/unsupported/dsp/cmsis_dsp/FilteringFunctions,/Users/tomixrm/.platformio/packages/framework-mbed@4.156.0/features/unsupported/dsp/cmsis_dsp/MatrixFunctions,/Users/tomixrm/.platformio/packages/framework-mbed@4.156.0/features/unsupported/dsp/cmsis_dsp/StatisticsFunctions,/Users/tomixrm/.platformio/packages/framework-mbed@4.156.0/features/unsupported/dsp/cmsis_dsp/SupportFunctions,/Users/tomixrm/.platformio/packages/framework-mbed@4.156.0/features/unsupported/dsp/cmsis_dsp/TransformFunctions,/Users/tomixrm/.platformio/packages/framework-mbed@4.156.0/features/unsupported/dsp/dsp,/Users/tomixrm/.platformio/packages/framework-mbed@4.156.0/events,/Users/tomixrm/.platformio/packages/framework-mbed@4.156.0/events/equeue,/Users/tomixrm/.platformio/packages/framework-mbed@4.156.0/rtos,/Users/tomixrm/.platformio/packages/framework-mbed@4.156.0/rtos/TARGET_CORTEX,/Users/tomixrm/.platformio/packages/framework-mbed@4.156.0/rtos/TARGET_CORTEX/rtx4,/Users/tomixrm/.platformio/packages/framework-mbed@4.156.0/rtos/TARGET_CORTEX/rtx5,/Users/tomixrm/.platformio/packages/framework-mbed@4.156.0/rtos/TARGET_CORTEX/rtx5/TARGET_M3,/Users/tomixrm/.platformio/packages/framework-mbed@4.156.0/rtos/TARGET_CORTEX/rtx5/TARGET_M3/TOOLCHAIN_GCC,/Users/tomixrm/.platformio/packages/framework-mbed@4.156.0/features/filesystem,/Users/tomixrm/.platformio/packages/framework-mbed@4.156.0/features,/Users/tomixrm/.platformio/packages/framework-mbed@4.156.0/features/filesystem/bd,/Users/tomixrm/.platformio/packages/framework-mbed@4.156.0/features/filesystem/fat,/Users/tomixrm/.platformio/packages/framework-mbed@4.156.0/features/filesystem/fat/ChaN,/Users/tomixrm/.platformio/packages/framework-mbed@4.156.0/features/mbedtls,/Users/tomixrm/.platformio/packages/framework-mbed@4.156.0/features/mbedtls/importer,/Users/tomixrm/.platformio/packages/framework-mbed@4.156.0/features/mbedtls/inc,/Users/tomixrm/.platformio/packages/framework-mbed@4.156.0/features/mbedtls/inc/mbedtls,/Users/tomixrm/.platformio/packages/framework-mbed@4.156.0/features/mbedtls/platform,/Users/tomixrm/.platformio/packages/framework-mbed@4.156.0/features/mbedtls/platform/inc,/Users/tomixrm/.platformio/packages/framework-mbed@4.156.0/features/mbedtls/platform/src,/Users/tomixrm/.platformio/packages/framework-mbed@4.156.0/features/mbedtls/src,/Users/tomixrm/.platformio/packages/framework-mbed@4.156.0/features/mbedtls/targets,/Users/tomixrm/.platformio/packages/framework-mbed@4.156.0/features/mbedtls/targets/TARGET_STM,/Users/tomixrm/.platformio/packages/framework-mbed@4.156.0/features/netsocket,/Users/tomixrm/.platformio/packages/framework-mbed@4.156.0/features/netsocket/cellular,/Users/tomixrm/.platformio/packages/framework-mbed@4.156.0/features/netsocket/cellular/generic_modem_driver,/Users/tomixrm/.platformio/packages/framework-mbed@4.156.0/features/netsocket/cellular/utils,/Users/tomixrm/.platformio/packages/framework-mbed@4.156.0/features/unsupported/rpc,/Users/tomixrm/.platformio/packages/framework-mbed@4.156.0/features/FEATURE_BLE,/Users/tomixrm/.platformio/packages/framework-mbed@4.156.0/features/FEATURE_BLE/ble,/Users/tomixrm/.platformio/packages/framework-mbed@4.156.0/features/FEATURE_BLE/ble/services,/Users/tomixrm/.platformio/packages/framework-mbed@4.156.0/features/FEATURE_BLE/source,/Users/tomixrm/.platformio/packages/framework-mbed@4.156.0/features/FEATURE_BLE/source/services,/Users/tomixrm/.platformio/packages/framework-mbed@4.156.0/features/FEATURE_BLE/targets,/Users/tomixrm/.platformio/packages/framework-mbed@4.156.0/features/FEATURE_COMMON_PAL,/Users/tomixrm/.platformio/packages/framework-mbed@4.156.0/features/FEATURE_COMMON_PAL/mbed-client-randlib,/Users/tomixrm/.platformio/packages/framework-mbed@4.156.0/features/FEATURE_COMMON_PAL/mbed-client-randlib/mbed-client-randlib,/Users/tomixrm/.platformio/packages/framework-mbed@4.156.0/features/FEATURE_COMMON_PAL/mbed-client-randlib/mbed-client-randlib/platform,/Users/tomixrm/.platformio/packages/framework-mbed@4.156.0/features/FEATURE_COMMON_PAL/mbed-client-randlib/source,/Users/tomixrm/.platformio/packages/framework-mbed@4.156.0/features/FEATURE_COMMON_PAL/mbed-coap,/Users/tomixrm/.platformio/packages/framework-mbed@4.156.0/features/FEATURE_COMMON_PAL/mbed-coap/doxygen,/Users/tomixrm/.platformio/packages/framework-mbed@4.156.0/features/FEATURE_COMMON_PAL/mbed-coap/mbed-coap,/Users/tomixrm/.platformio/packages/framework-mbed@4.156.0/features/FEATURE_COMMON_PAL/mbed-coap/source,/Users/tomixrm/.platformio/packages/framework-mbed@4.156.0/features/FEATURE_COMMON_PAL/mbed-coap/source/include,/Users/tomixrm/.platformio/packages/framework-mbed@4.156.0/features/FEATURE_COMMON_PAL/mbed-trace,/Users/tomixrm/.platformio/packages/framework-mbed@4.156.0/features/FEATURE_COMMON_PAL/mbed-trace/mbed-trace,/Users/tomixrm/.platformio/packages/framework-mbed@4.156.0/features/FEATURE_COMMON_PAL/mbed-trace/source,/Users/tomixrm/.platformio/packages/framework-mbed@4.156.0/features/FEATURE_COMMON_PAL/nanostack-hal-mbed-cmsis-rtos,/Users/tomixrm/.platformio/packages/framework-mbed@4.156.0/features/FEATURE_COMMON_PAL/nanostack-hal-mbed-cmsis-rtos/cs_nvm,/Users/tomixrm/.platformio/packages/framework-mbed@4.156.0/features/FEATURE_COMMON_PAL/nanostack-hal-mbed-cmsis-rtos/nvm,/Users/tomixrm/.platformio/packages/framework-mbed@4.156.0/features/FEATURE_COMMON_PAL/nanostack-libservice,/Users/tomixrm/.platformio/packages/framework-mbed@4.156.0/features/FEATURE_COMMON_PAL/nanostack-libservice/mbed-client-libservice,/Users/tomixrm/.platformio/packages/framework-mbed@4.156.0/features/FEATURE_COMMON_PAL/nanostack-libservice/mbed-client-libservice/platform,/Users/tomixrm/.platformio/packages/framework-mbed@4.156.0/features/FEATURE_COMMON_PAL/nanostack-libservice/source,/Users/tomixrm/.platformio/packages/framework-mbed@4.156.0/features/FEATURE_COMMON_PAL/nanostack-libservice/source/IPv6_fcf_lib,/Users/tomixrm/.platformio/packages/framework-mbed@4.156.0/features/FEATURE_COMMON_PAL/nanostack-libservice/source/libBits,/Users/tomixrm/.platformio/packages/framework-mbed@4.156.0/features/FEATURE_COMMON_PAL/nanostack-libservice/source/libip6string,/Users/tomixrm/.platformio/packages/framework-mbed@4.156.0/features/FEATURE_COMMON_PAL/nanostack-libservice/source/libList,/Users/tomixrm/.platformio/packages/framework-mbed@4.156.0/features/FEATURE_COMMON_PAL/nanostack-libservice/source/libTrace,/Users/tomixrm/.platformio/packages/framework-mbed@4.156.0/features/FEATURE_COMMON_PAL/nanostack-libservice/source/libTrace/scripts,/Users/tomixrm/.platformio/packages/framework-mbed@4.156.0/features/FEATURE_COMMON_PAL/nanostack-libservice/source/nsdynmemLIB,/Users/tomixrm/.platformio/packages/framework-mbed@4.156.0/features/FEATURE_COMMON_PAL/nanostack-libservice/source/nvmHelper,/Users/tomixrm/.platformio/packages/framework-mbed@4.156.0/features/FEATURE_COMMON_PAL/sal-stack-nanostack-eventloop,/Users/tomixrm/.platformio/packages/framework-mbed@4.156.0/features/FEATURE_COMMON_PAL/sal-stack-nanostack-eventloop/nanostack-event-loop,/Users/tomixrm/.platformio/packages/framework-mbed@4.156.0/features/FEATURE_COMMON_PAL/sal-stack-nanostack-eventloop/nanostack-event-loop/platform,/Users/tomixrm/.platformio/packages/framework-mbed@4.156.0/features/FEATURE_COMMON_PAL/sal-stack-nanostack-eventloop/source,/Users/tomixrm/.platformio/packages/framework-mbed@4.156.0/features/nanostack/FEATURE_ETHERNET_HOST,/Users/tomixrm/.platformio/packages/framework-mbed@4.156.0/features/nanostack,/Users/tomixrm/.platformio/packages/framework-mbed@4.156.0/features/nanostack/FEATURE_ETHERNET_HOST/TOOLCHAIN_GCC,/Users/tomixrm/.platformio/packages/framework-mbed@4.156.0/features/nanostack/FEATURE_ETHERNET_HOST/TOOLCHAIN_GCC/TARGET_M3,/Users/tomixrm/.platformio/packages/framework-mbed@4.156.0/features/nanostack/FEATURE_LOWPAN_BORDER_ROUTER,/Users/tomixrm/.platformio/packages/framework-mbed@4.156.0/features/nanostack/FEATURE_LOWPAN_BORDER_ROUTER/TOOLCHAIN_GCC,/Users/tomixrm/.platformio/packages/framework-mbed@4.156.0/features/nanostack/FEATURE_LOWPAN_BORDER_ROUTER/TOOLCHAIN_GCC/TARGET_M3,/Users/tomixrm/.platformio/packages/framework-mbed@4.156.0/features/nanostack/FEATURE_LOWPAN_HOST,/Users/tomixrm/.platformio/packages/framework-mbed@4.156.0/features/nanostack/FEATURE_LOWPAN_HOST/TOOLCHAIN_GCC,/Users/tomixrm/.platformio/packages/framework-mbed@4.156.0/features/nanostack/FEATURE_LOWPAN_HOST/TOOLCHAIN_GCC/TARGET_M3,/Users/tomixrm/.platformio/packages/framework-mbed@4.156.0/features/nanostack/FEATURE_LOWPAN_ROUTER,/Users/tomixrm/.platformio/packages/framework-mbed@4.156.0/features/nanostack/FEATURE_LOWPAN_ROUTER/TOOLCHAIN_GCC,/Users/tomixrm/.platformio/packages/framework-mbed@4.156.0/features/nanostack/FEATURE_LOWPAN_ROUTER/TOOLCHAIN_GCC/TARGET_M3,/Users/tomixrm/.platformio/packages/framework-mbed@4.156.0/features/FEATURE_LWIP,/Users/tomixrm/.platformio/packages/framework-mbed@4.156.0/features/FEATURE_LWIP/lwip-interface,/Users/tomixrm/.platformio/packages/framework-mbed@4.156.0/features/FEATURE_LWIP/lwip-interface/lwip,/Users/tomixrm/.platformio/packages/framework-mbed@4.156.0/features/FEATURE_LWIP/lwip-interface/lwip/src,/Users/tomixrm/.platformio/packages/framework-mbed@4.156.0/features/FEATURE_LWIP/lwip-interface/lwip/src/api,/Users/tomixrm/.platformio/packages/framework-mbed@4.156.0/features/FEATURE_LWIP/lwip-interface/lwip/src/core,/Users/tomixrm/.platformio/packages/framework-mbed@4.156.0/features/FEATURE_LWIP/lwip-interface/lwip/src/core/ipv4,/Users/tomixrm/.platformio/packages/framework-mbed@4.156.0/features/FEATURE_LWIP/lwip-interface/lwip/src/core/ipv6,/Users/tomixrm/.platformio/packages/framework-mbed@4.156.0/features/FEATURE_LWIP/lwip-interface/lwip/src/include,/Users/tomixrm/.platformio/packages/framework-mbed@4.156.0/features/FEATURE_LWIP/lwip-interface/lwip/src/include/lwip,/Users/tomixrm/.platformio/packages/framework-mbed@4.156.0/features/FEATURE_LWIP/lwip-interface/lwip/src/include/lwip/priv,/Users/tomixrm/.platformio/packages/framework-mbed@4.156.0/features/FEATURE_LWIP/lwip-interface/lwip/src/include/lwip/prot,/Users/tomixrm/.platformio/packages/framework-mbed@4.156.0/features/FEATURE_LWIP/lwip-interface/lwip/src/include/netif,/Users/tomixrm/.platformio/packages/framework-mbed@4.156.0/features/FEATURE_LWIP/lwip-interface/lwip/src/include/netif/ppp,/Users/tomixrm/.platformio/packages/framework-mbed@4.156.0/features/FEATURE_LWIP/lwip-interface/lwip/src/include/netif/ppp/polarssl,/Users/tomixrm/.platformio/packages/framework-mbed@4.156.0/features/FEATURE_LWIP/lwip-interface/lwip/src/netif,/Users/tomixrm/.platformio/packages/framework-mbed@4.156.0/features/FEATURE_LWIP/lwip-interface/lwip/src/netif/ppp,/Users/tomixrm/.platformio/packages/framework-mbed@4.156.0/features/FEATURE_LWIP/lwip-interface/lwip/src/netif/ppp/polarssl,/Users/tomixrm/.platformio/packages/framework-mbed@4.156.0/features/FEATURE_LWIP/lwip-interface/lwip-eth,/Users/tomixrm/.platformio/packages/framework-mbed@4.156.0/features/FEATURE_LWIP/lwip-interface/lwip-eth/arch,/Users/tomixrm/.platformio/packages/framework-mbed@4.156.0/features/FEATURE_LWIP/lwip-interface/lwip-eth/arch/TARGET_STM,/Users/tomixrm/.platformio/packages/framework-mbed@4.156.0/features/FEATURE_LWIP/lwip-interface/lwip-sys,/Users/tomixrm/.platformio/packages/framework-mbed@4.156.0/features/FEATURE_LWIP/lwip-interface/lwip-sys/arch,/Users/tomixrm/.platformio/packages/framework-mbed@4.156.0/features/nanostack/FEATURE_NANOSTACK,/Users/tomixrm/.platformio/packages/framework-mbed@4.156.0/features/nanostack/FEATURE_NANOSTACK/coap-service,/Users/tomixrm/.platformio/packages/framework-mbed@4.156.0/features/nanostack/FEATURE_NANOSTACK/coap-service/coap-service,/Users/tomixrm/.platformio/packages/framework-mbed@4.156.0/features/nanostack/FEATURE_NANOSTACK/coap-service/source,/Users/tomixrm/.platformio/packages/framework-mbed@4.156.0/features/nanostack/FEATURE_NANOSTACK/coap-service/source/include,/Users/tomixrm/.platformio/packages/framework-mbed@4.156.0/features/nanostack/FEATURE_NANOSTACK/mbed-mesh-api,/Users/tomixrm/.platformio/packages/framework-mbed@4.156.0/features/nanostack/FEATURE_NANOSTACK/mbed-mesh-api/mbed-mesh-api,/Users/tomixrm/.platformio/packages/framework-mbed@4.156.0/features/nanostack/FEATURE_NANOSTACK/mbed-mesh-api/source,/Users/tomixrm/.platformio/packages/framework-mbed@4.156.0/features/nanostack/FEATURE_NANOSTACK/mbed-mesh-api/source/include,/Users/tomixrm/.platformio/packages/framework-mbed@4.156.0/features/nanostack/FEATURE_NANOSTACK/nanostack-interface,/Users/tomixrm/.platformio/packages/framework-mbed@4.156.0/features/nanostack/FEATURE_NANOSTACK/sal-stack-nanostack,/Users/tomixrm/.platformio/packages/framework-mbed@4.156.0/features/nanostack/FEATURE_NANOSTACK/sal-stack-nanostack/docs,/Users/tomixrm/.platformio/packages/framework-mbed@4.156.0/features/nanostack/FEATURE_NANOSTACK/sal-stack-nanostack/docs/img,/Users/tomixrm/.platformio/packages/framework-mbed@4.156.0/features/nanostack/FEATURE_NANOSTACK/sal-stack-nanostack/doxygen,/Users/tomixrm/.platformio/packages/framework-mbed@4.156.0/features/nanostack/FEATURE_NANOSTACK/sal-stack-nanostack/nanostack,/Users/tomixrm/.platformio/packages/framework-mbed@4.156.0/features/nanostack/FEATURE_NANOSTACK/sal-stack-nanostack/nanostack/platform,/Users/tomixrm/.platformio/packages/framework-mbed@4.156.0/features/nanostack/FEATURE_NANOSTACK/targets,/Users/tomixrm/.platformio/packages/framework-mbed@4.156.0/features/nanostack/FEATURE_NANOSTACK_FULL,/Users/tomixrm/.platformio/packages/framework-mbed@4.156.0/features/nanostack/FEATURE_NANOSTACK_FULL/TOOLCHAIN_GCC,/Users/tomixrm/.platformio/packages/framework-mbed@4.156.0/features/nanostack/FEATURE_NANOSTACK_FULL/TOOLCHAIN_GCC/TARGET_M3,/Users/tomixrm/.platformio/packages/framework-mbed@4.156.0/features/storage/FEATURE_STORAGE,/Users/tomixrm/.platformio/packages/framework-mbed@4.156.0/features/storage,/Users/tomixrm/.platformio/packages/framework-mbed@4.156.0/features/storage/FEATURE_STORAGE/cfstore,/Users/tomixrm/.platformio/packages/framework-mbed@4.156.0/features/storage/FEATURE_STORAGE/cfstore/configuration-store,/Users/tomixrm/.platformio/packages/framework-mbed@4.156.0/features/storage/FEATURE_STORAGE/cfstore/doc,/Users/tomixrm/.platformio/packages/framework-mbed@4.156.0/features/storage/FEATURE_STORAGE/cfstore/doc/design,/Users/tomixrm/.platformio/packages/framework-mbed@4.156.0/features/storage/FEATURE_STORAGE/cfstore/doc/design/pics,/Users/tomixrm/.platformio/packages/framework-mbed@4.156.0/features/storage/FEATURE_STORAGE/cfstore/doc/design/umlet,/Users/tomixrm/.platformio/packages/framework-mbed@4.156.0/features/storage/FEATURE_STORAGE/cfstore/doc/project,/Users/tomixrm/.platformio/packages/framework-mbed@4.156.0/features/storage/FEATURE_STORAGE/cfstore/source,/Users/tomixrm/.platformio/packages/framework-mbed@4.156.0/features/storage/FEATURE_STORAGE/flash-journal,/Users/tomixrm/.platformio/packages/framework-mbed@4.156.0/features/storage/FEATURE_STORAGE/flash-journal/flash-journal-strategy-sequential,/Users/tomixrm/.platformio/packages/framework-mbed@4.156.0/features/storage/FEATURE_STORAGE/storage-volume-manager,/Users/tomixrm/.platformio/packages/framework-mbed@4.156.0/features/storage/FEATURE_STORAGE/storage-volume-manager/source,/Users/tomixrm/.platformio/packages/framework-mbed@4.156.0/features/storage/FEATURE_STORAGE/storage-volume-manager/storage-volume-manager,/Users/tomixrm/.platformio/packages/framework-mbed@4.156.0/features/nanostack/FEATURE_THREAD_BORDER_ROUTER,/Users/tomixrm/.platformio/packages/framework-mbed@4.156.0/features/nanostack/FEATURE_THREAD_BORDER_ROUTER/TOOLCHAIN_GCC,/Users/tomixrm/.platformio/packages/framework-mbed@4.156.0/features/nanostack/FEATURE_THREAD_BORDER_ROUTER/TOOLCHAIN_GCC/TARGET_M3,/Users/tomixrm/.platformio/packages/framework-mbed@4.156.0/features/nanostack/FEATURE_THREAD_END_DEVICE,/Users/tomixrm/.platformio/packages/framework-mbed@4.156.0/features/nanostack/FEATURE_THREAD_END_DEVICE/TOOLCHAIN_GCC,/Users/tomixrm/.platformio/packages/framework-mbed@4.156.0/features/nanostack/FEATURE_THREAD_END_DEVICE/TOOLCHAIN_GCC/TARGET_M3,/Users/tomixrm/.platformio/packages/framework-mbed@4.156.0/features/nanostack/FEATURE_THREAD_ROUTER,/Users/tomixrm/.platformio/packages/framework-mbed@4.156.0/features/nanostack/FEATURE_THREAD_ROUTER/TOOLCHAIN_GCC,/Users/tomixrm/.platformio/packages/framework-mbed@4.156.0/features/nanostack/FEATURE_THREAD_ROUTER/TOOLCHAIN_GCC/TARGET_M3,/Users/tomixrm/.platformio/packages/framework-mbed@4.156.0/features/FEATURE_UVISOR,/Users/tomixrm/.platformio/packages/framework-mbed@4.156.0/features/FEATURE_UVISOR/importer,/Users/tomixrm/.platformio/packages/framework-mbed@4.156.0/features/FEATURE_UVISOR/includes,/Users/tomixrm/.platformio/packages/framework-mbed@4.156.0/features/FEATURE_UVISOR/includes/uvisor,/Users/tomixrm/.platformio/packages/framework-mbed@4.156.0/features/FEATURE_UVISOR/includes/uvisor/api,/Users/tomixrm/.platformio/packages/framework-mbed@4.156.0/features/FEATURE_UVISOR/includes/uvisor/api/inc,/Users/tomixrm/.platformio/packages/framework-mbed@4.156.0/features/FEATURE_UVISOR/includes/uvisor-lib,/Users/tomixrm/.platformio/packages/framework-mbed@4.156.0/features/FEATURE_UVISOR/includes/uvisor-lib/rtx,/Users/tomixrm/.platformio/packages/framework-mbed@4.156.0/features/FEATURE_UVISOR/source,/Users/tomixrm/.platformio/packages/framework-mbed@4.156.0/features/FEATURE_UVISOR/source/rtx,/Users/tomixrm/.platformio/packages/framework-mbed@4.156.0/features/FEATURE_UVISOR/targets,/Users/tomixrm/.platformio/packages/framework-mbed@4.156.0/features/FEATURE_UVISOR/targets/TARGET_UVISOR_UNSUPPORTED,/Users/tomixrm/.platformio/packages/toolchain-gccarmnoneeabi/arm-none-eabi/include/c++/7.2.1,/Users/tomixrm/.platformio/packages/toolchain-gccarmnoneeabi/arm-none-eabi/include/c++/7.2.1/arm-none-eabi,/Users/tomixrm/.platformio/packages/toolchain-gccarmnoneeabi/lib/gcc/arm-none-eabi/7.2.1/include,/Users/tomixrm/.platformio/packages/toolchain-gccarmnoneeabi/lib/gcc/arm-none-eabi/7.2.1/include-fixed,/Users/tomixrm/.platformio/packages/toolchain-gccarmnoneeabi/arm-none-eabi/include,/Users/tomixrm/.platformio/packages/tool-unity",
  "gccSuppressWarnings": false
}
